JINA_ID,Ref,Name,Simbad_Identifier,Fe/H,Eu/Ni
58,ROE14b,CS22882-001,2MASS_J00202529-3139040, -2.62,0.66
67,ROE14b,CS30339-052,2MASS_J00225014-3407207, -2.69,0.6
105,ROE14b,CS22942-011,2MASS_J00541299-2504338, -2.88,0.1
109,ROE14b,CS22166-016,2MASS_J00582384-1447068, -3.22,0.26
131,ROE14b,CS22953-003,2MASS_J01021585-6143458, -3.13,0.74
136,ROE14b,CS22942-035,2MASS_J01035747-2352452, -3.08, -0.12
147,ROE14b,CS22183-031,2MASS_J01090507-0443211, -3.57,0.78
149,ROE14b,CS29514-017,2MASS_J01094480-2616549, -2.35,0.15
263,ROE14b,CS22185-007,2MASS_J03173604-1517227, -3.06, -0.36
276,ROE14b,CS22172-029,2MASS_J03304535-1037098, -2.68,0.02
298,ROE14b,CS30494-003,2MASS_J03591002-2106479, -2.97, -0.1
299,ROE14b,CS29529-054,2MASS_J03592387-6210089, -2.55,0.61
320,ROE14b,CS22186-002,2MASS_J04135721-3646255, -2.72,0.59
324,ROE14b,CS22186-023,2MASS_J04194553-3651359, -3.04, -0.6
327,ROE14b,CS22182-033,2MASS_J04231047-3037041, -2.65,0.51
410,ROE14b,G146-76,2MASS_J10595749+4446439, -2.08,0.19
512,ROE14b,CS22877-001,2MASS_J13135537-1211415, -3.31,0.09
617,ROE14b,CS22890-024,2MASS_J15160539-0003578, -2.77,0.2
625,ROE14b,CS30312-059,2MASS_J15344884-0123372, -3.41,0.42
630,ROE14b,CS30312-100,2MASS_J15433166+0201174, -2.69, -0.37
671,ROE14b,CS22891-200,2MASS_J19351908-6142243, -4.06,0.25
676,ROE14b,CS22891-209,2MASS_J19420216-6103446, -3.49,0.02
722,ROE14b,CS30314-067,2MASS_J20525098-3419405, -3.31, -0.38
727,ROE14b,CS22897-008,2MASS_J21031185-6505088, -3.83, -0.3
745,ROE14b,CS30492-110,2MASS_J21214583-3808579, -3.27,0.2
763,ROE14b,CS29495-042,2MASS_J21391140-2817544, -2.54,0.58
784,ROE14b,CS22965-016,2MASS_J21570791-0434083, -3.13, -0.31
811,ROE14b,CS22881-036,2MASS_J22075843-4044164, -2.34,0.5
856,ROE14b,CS22960-064,2MASS_J22240014-4235160, -2.77,0.22
950,ROE14b,CS22945-028,2MASS_J23311355-6629578, -2.92,0.2
952,ROE14b,CS22941-017,2MASS_J23325017-3359254, -3.11,0.31
961,ROE14b,CS22945-024,2MASS_J23364248-6535437, -2.58,0.46
995,ROE14b,CS22957-013,2MASS_J23554905-0522528, -2.98, -0.32
1008,ROE14b,BD-012582,BD-01_2582, -2.62,0.35
1034,ROE14b,HE1320-1339,BD-13_3695, -3.18, -0.15
1037,ROE14b,BD-155781,BD-15_5781, -2.92,0.06
1047,ROE14b,CS31082-001,BD-16_251, -3.09,1.36
1062,ROE14b,BD-185550,BD-18_5550, -3.2, -0.5
1066,ROE14b,BD-206008,BD-20_6008, -3.0, -0.11
1152,ROE14b,BD+233130,BD+23_3130, -2.93, -0.05
1232,ROE14b,CS22191-029,BPS_CS_22191-0029, -2.94,0.24
1248,ROE14b,CS22875-029,BPS_CS_22875-0029, -2.71,0.98
1252,ROE14b,CS22877-015,BPS_CS_22877-0015, -2.12,0.81
1258,ROE14b,CS22879-029,BPS_CS_22879-0029, -2.55,0.58
1264,ROE14b,CS22879-103,BPS_CS_22879-0103, -2.16,0.04
1281,ROE14b,CS22886-012,BPS_CS_22886-0012, -2.88,1.16
1288,ROE14b,CS22888-047,BPS_CS_22888-0047, -2.54,0.85
1305,ROE14b,CS22896-015,BPS_CS_22896-0015, -2.85,0.16
1306,ROE14b,CS22896-055,BPS_CS_22896-0055, -2.52,0.4
1308,ROE14b,CS22896-110,BPS_CS_22896-0110, -2.85, -0.12
1310,ROE14b,CS22896-136,BPS_CS_22896-0136, -2.41,0.93
1320,ROE14b,CS22940-121,BPS_CS_22940-0121, -3.14,0.09
1327,ROE14b,CS22943-132,BPS_CS_22943-0132, -2.63,0.79
1337,ROE14b,CS22945-056,BPS_CS_22945-0056, -2.82,0.57
1338,ROE14b,CS22945-058,BPS_CS_22945-0058, -2.98,1.42
1344,ROE14b,CS22947-187,BPS_CS_22947-0187, -2.58,0.38
1355,ROE14b,CS22951-059,BPS_CS_22951-0059, -2.84,0.14
1361,ROE14b,CS22955-174,BPS_CS_22955-0174, -3.1,0.35
1367,ROE14b,CS22956-102,BPS_CS_22956-0102, -2.39,0.89
1370,ROE14b,CS22956-114,BPS_CS_22956-0114, -3.19,0.13
1373,ROE14b,CS22957-036,BPS_CS_22957-0036, -2.28,0.64
1374,ROE14b,CS22958-037,BPS_CS_22958-0037, -2.51,0.45
1376,ROE14b,CS22958-052,BPS_CS_22958-0052, -2.62,1.21
1401,ROE14b,CS22968-026,BPS_CS_22968-0026, -2.57,0.72
1405,ROE14b,CS29493-062,BPS_CS_29493-0062, -2.76,0.29
1409,ROE14b,CS29499-003,BPS_CS_29499-0003, -2.51,0.66
1410,ROE14b,CS29499-058,BPS_CS_29499-0058, -2.81,0.53
1413,ROE14b,CS22937-072,BPS_CS_29501-0051, -2.72, -0.25
1432,ROE14b,CS29513-003,BPS_CS_29513-0003, -2.47,0.43
1433,ROE14b,CS29513-014,BPS_CS_29513-0014, -2.32,0.23
1446,ROE14b,CS30312-044,BPS_CS_30312-0044, -3.22,0.25
1478,ROE14b,HE0336-2412,CD-24_1782, -3.05, -0.38
1482,ROE14b,CS29497-030,CD-24_266, -2.52,1.43
1522,ROE14b,CS22951-077,DENIS_J215753.2-430808, -2.54, -0.1
1554,ROE14b,G214-1,G_214-1, -2.29,0.44
1575,ROE14b,G90-3,G_90-3, -2.4, -0.0
1591,ROE14b,HD106373,HD_106373, -2.61,0.25
1609,ROE14b,HD108317,HD_108317, -2.62,0.25
1637,ROE14b,HD11582,HD_11582, -1.84,0.24
1671,ROE14b,HD122563,HD_122563, -2.97, -0.96
1688,ROE14b,HD126587,HD_126587, -3.29,0.17
1702,ROE14b,HD128279,HD_128279, -2.52, -0.36
1721,ROE14b,HD13979,HD_13979, -2.97, -0.31
1772,ROE14b,HD175606,HD_175606, -2.39,0.15
1775,ROE14b,HD178443,HD_178443, -1.99,0.21
1788,ROE14b,HD186478,HD_186478, -2.75,0.19
1802,ROE14b,HD19445,HD_19445, -2.29, -0.07
1814,ROE14b,HD196944,HD_196944, -2.39,0.14
1840,ROE14b,HD214362,HD_214362, -2.06,0.32
1879,ROE14b,HD26169,HD_26169, -2.8, -0.19
1945,ROE14b,HD6268,HD_6268, -2.82,0.35
1953,ROE14b,HD64090,HD_64090, -2.03,0.09
2004,ROE14b,HD88609,HD_88609, -3.29, -0.55
2713,ROE14b,G15-10,Wolf_1137, -2.53,0.32
